username,text
@DjokerNole,"The GOAT of tennis

said: ""35 is the new 25.â€ I say: â€œ60 is the new 35.â€ AI research has kept me strong and healthy. AI could work wonders for you, too!"
@yacineMTB,"kache (yacine) (KING OF DING)

Â·
1h
smaller models (""small"" at 7b) improve at a faster rate than bigger models (34b+) because the iteration speed is faster"
@levelsio,"Alibaba just released ReplaceAnything on Hugging Face

ReplaceAnything as you want: Ultra-high quality content replacement

demo: https://huggingface.co/spaces/modelscope/ReplaceAnything

## AIGC techniques have attracted lots of attention recently. They have demonstrated strong capabilities in the areas of image editing, image generation and so on. We find that generating new contents while strictly keeping the identity of use-specified object unchanged is of great demand, yet challenging. To this end, we propose ReplaceAnything framework. It can be used in many scenes, such as human replacement, clothing replacement, background replacement, and so on



My favorite thing when seeing angry reviews on Nomad List about cities is checking their OTHER reviews

In this case, a person doesn't want you to visit their country, but the same person love to lives in other countries as a digital nomad for years themselves

A pattern I keep seeing is that the most xenophobic people are actually people traveling and living abroad themselves, it's some psychological concept of self hatred I think

I don't just see this once, I see this all the time, in another angry review (pic 2) the person writing is a foreigner who is a DN and moved to the country themselves too but is now complaining essentially about themselves ğŸ¤¯

I know there's a similar concept with immigrants, once they move to a place, they become conservative and they want immigration to stop. Immigrants are often the most conservative anti immigration of a population!

## I had to ask ChatGPT4 for the expression, it's called ""pulling up the ladder behind you"". You got yours, so screw everyone else, very fascinating

AK
@\_akhaliq
Nvidia announces Stable Diffusion Models Accelerated with NVIDIA TensorRT featuring a1111
@Gradio
demo

## demo: https://github.com/NVIDIA/Stable-Diffusion-WebUI-TensorRT

See new posts
Conversation
kache (yacine) (KING OF DING)
@yacineMTB
texts is the best app i've ever used"
@DrJimFan,"Jim Fan

Chatbot Arena is a unique LLM benchmark that
(1) captures the elusive ""in-the-wild vibe"" to some degree;
(2) live updated and adaptive;
(3) relatively hard to game.
It works like democracy: people vote for their preferred models on the prompts they actually care about. Unlike traditional benchmarks, it is difficult to ""train on the test set"" or overfit a particular prompt distribution. Arena is scalable by design: its accuracy improves as more models and users participate.

ELO score is another clever metric. Just like in chess tournaments, difference in ELO score reflects how consistently a model A's response is better than model B given the same prompt. Unlike static benchmarks that lose potency over time, ELO score cannot be saturated. GPT-9 and Gemini-8 might both score 99.9% on MMLU, but they will still have meaningful ELO scores that show their relative strengths.

There are limitations to this Arena approach:
(1) Noisy: many people are just lazy to examine the outputs carefully.
(2) Biased: the democracy is not representative of the general population. It's skewed to people who know what HuggingFace is.
(3) Hard to evaluate certain capabilities: for example, it's really difficult to rank a model's coding skills by human preferences. More automated ways are better, e.g. with compiler in the loop.

It's remarkable that both Mistral's commercial model (Medium) and open-source one (Mixtral-8x7B) climb the ranks this rapidly. Would love to see more players in the Arena!

LMSys ranking on HuggingFace: https://huggingface.co/spaces/lmsys/chatbot-arena-leaderboard
Chat & vote here: https://chat.lmsys.org"
@cto_junior,"TDM (e/Î»)

Â·
1h
What's the easiest cloud portal to run something right now for fun projects?

Doesn't need to support GPU necessarily but needs to allow access to VMs

## Don't say AWS, too many clicks

Adam Behrens
@etpuisfume
Â·
2h
Wait a second does the whole AI doomer discourse just resolve down to Kant's categorical imperative, that humans are ends not means? This seems like the moral question that is necessarily prior to any view on super intelligence."
@yacineMTB,"kache (yacine) (KING OF DING)

Â·
19m
if gary marcus can do it then so can i"
@thesephist,"Linus

Using LLMs to interpret LLMs ğŸ¥º"
@NielsRogge,"Niels Rogge

SigLIP by
@Google
is now available in ğŸ¤— Transformers! It improves upon
@OpenAI
's CLIP with a simple sigmoid loss. SOTA for linking images with text and vice versa.

Demo notebook: https://github.com/NielsRogge/Transformers-Tutorials/blob/master/SigLIP/Inference_with_(multilingual)_SigLIP%2C_a_better_CLIP_model.ipynb

Original meme credits:
@giffmana"
@paulg,"Paul Graham

How to make it more entertaining to probe what ChatGPT is and isn't allowed to talk about."
@yacineMTB,"kache (yacine) (KING OF DING)

Found out about Texts from Tim Ferris's podcast (which basically guarantees that he has shares in it). But I don't have shares in Texts and it's basically a condom for twitter messages. I approve"
@Nexuist,"Andi ğŸ‡¦ğŸ‡±ğŸ‡ºğŸ‡¦ (e/alb)

""The internet is noisy and chaotic; Medium is quiet yet full of insight.""

## Medium's about page

See new posts
Conversation
Kaio Ken
@kaiokendev1
When i was 19 I was shitposting on /sci/"
@EduardoSlonski,"Eduardo Slonski

There's a very interesting phenomenon in the most crucial part of Transformers, the Attention Mechanism.

wÌ¸Í‚Í‚Í•aÌ·ÍÍ”Ì—tÌ´Í—Ì™eÌµÌ”Ì•Ì¬rÌ´Ì“ÌŠÌ°mÌµÍƒÌ½Í™Í–aÌµÌ“Í’Ì—Ì¢rÌ¸Ì½Ì²kÌ·ÍÌÍ”Ì§
@anthrupad
they knew no one would read their paper (no one except for me)"
@jxmnop,"jack morris

tokenizing............ ğŸš‚"
@ch402,"Chris Olah

In 1939, physicists discussed voluntarily adopting secrecy in atomic physics. Reading Rhodes' book, one can hear three ""camps"":

- Caution
- Scientific Humility
- Openness Idealism

## I feel like these are the same camps I hear in discussion of AI (eg. open sourcing models).

Anthropic
@AnthropicAI
A fully funded AI Safety Institute (AISI) will strengthen Americaâ€™s global leadership on AI policy and ensure AI develops safely at home and abroad.
We applaud Senators Cantwell, Rounds, Heinrich, and Young for their bipartisan support of NISTâ€™s AISI."
@kaiokendev1,"See new posts
Conversation
Kaio Ken

99% of my interactions with GPT-4"
@simonw,"See new posts
Conversation
Simon Willison

I built a new CLI tool: download-esm, which takes the name of an npm package and attempts to download the ECMAScript module version of that package, plus all of its dependencies, rewriting their import references so they can all work from local disk"
@ivanhzhao,"Ivan Zhao

I am usually not big on awards. But
@NotionHQ
just got Best Places to Work recognition (top 5 in SF and NYC, for both Glassdoor and Builtin this year!) This one feels great!"
@kaiokendev1,"Kaio Ken

Really cool. If we look the t-SNE of the value projections of tokens in layer 0, there is already a lot of semantic clustering going on. I.e., if you sample from token 'account', the resulting token is closer to the meaning of 'details' and 'records' even in layer 0"
@nikitabier,"Nikita Bier

You have permission to kill me if I ever end a tweet with: â€œIf you liked this, follow me for more content like this.â€"
@thesephist,"Linus

i haven't gone to pee in 14 hours"
